{"cameraMode":{"drawMode":0,"name":"Shaded","section":"Shading Mode"},"sceneLighting":true,"audioPlay":false,"sceneViewState":{"m_AlwaysRefresh":false,"showFog":true,"showSkybox":true,"showFlares":true,"showImageEffects":true,"showParticleSystems":true,"showVisualEffectGraphs":true,"m_FxEnabled":true},"in2DMode":false,"pivot":{"x":-19.094667434692384,"y":-4.869198799133301,"z":71.98916625976563},"rotation":{"x":0.0018628090620040894,"y":0.947135329246521,"z":-0.32469823956489565,"w":-0.008414262905716896},"size":34.99473190307617,"orthographic":false}